{"psnr": 22.62494507803124, "ssim": 0.652314376880503, "lpips": 0.29491413819709883, "encoder": [1341, 7.1139316407715], "decoder": [4023, 0.015046027001237028]}