{"psnr": 22.62494507803124, "ssim": 0.652314376880503, "lpips": 0.29491413819709883, "encoder": [1341, 7.102326189911605], "decoder": [4023, 0.014696939768496065]}