{"psnr": 22.635094153356587, "ssim": 0.6477699579975216, "lpips": 0.29304561981240995, "encoder": [1341, 7.092942491029288], "decoder": [4023, 0.014858783372978118]}